#CHROM,POS,ID,OBS_CT,HUDSON_FST,coords,z.glm,p.glm,beta.godmc,cpg.godmc,pct.godmc,is.top50
1,7501170,.,2503,0.566205,1_7501170,9.64802,5.01151e-22,0.3017719,cg24501872,0.707571747323109,TRUE
1,7961718,.,2503,0.212456,1_7961718,7.84559,4.3093e-15,0.1256416,cg16136678,0.293774488824993,FALSE
1,23528435,.,2503,0.21147,1_23528435,9.61969,6.60307e-22,0.2818201,cg09318066,0.681972485259961,TRUE
1,25351353,.,2503,0.201744,1_25351353,6.93566,4.04341e-12,0.4616727,cg20017683,0.870906756526545,TRUE
1,42414240,.,2503,0.216222,1_42414240,,,-0.1048636,cg10197057,0.201258149091498,FALSE
1,68067092,.,2503,0.210506,1_68067092,-3.15422,0.0016093,0.3951679,cg09118625,0.815935447145689,TRUE
1,151864199,.,2503,0.239616,1_151864199,8.96371,3.13931e-19,0.4619944,cg13249591,0.871118664068376,TRUE
1,151993591,.,2503,0.206135,1_151993591,8.42213,3.69695e-17,-0.1611365,cg15397087,0.426985386689713,FALSE
1,245407568,.,2503,0.235518,1_245407568,-5.22134,1.77629e-07,0.2208513,cg22729008,0.580489547972128,FALSE
1,248086593,.,2503,0.271379,1_248086593,-5.36707,8.00252e-08,0.0813194,cg20065449,0.100323678382522,FALSE
1,248103873,.,2503,0.254575,1_248103873,-5.48389,4.16068e-08,0.1195606,cg00785941,0.267319286494842,FALSE
10,1475048,.,2503,0.204414,10_1475048,7.52299,5.35387e-14,0.1442586,cg02445968,0.367913043116952,FALSE
10,15114475,.,2503,0.21364,10_15114475,-3.18118,0.00146675,-0.2853349,cg17224837,0.686879599120791,TRUE
10,47307413,.,2503,0.484155,10_47307413,8.9776,2.76744e-19,-0.4288771,cg24636477,0.846932118950767,TRUE
11,12769328,.,2503,0.244482,11_12769328,8.49686,1.94782e-17,-0.1447045,cg07008591,0.369579218102721,FALSE
11,12813091,.,2503,0.265683,11_12813091,8.77721,1.67586e-18,0.0809981,cg02703598,0.09896913213474,FALSE
11,44290418,.,2503,0.208505,11_44290418,-5.94346,2.79063e-09,-0.0658739,cg11260848,0.049108534056866,FALSE
11,44291289,.,2503,0.208717,11_44291289,-5.94252,2.80678e-09,-0.1371576,cg13837679,0.341279173643688,FALSE
11,44291566,.,2503,0.208505,11_44291566,-5.93827,2.88042e-09,-0.0537233,cg09785586,0.0199982548790673,FALSE
11,44291900,.,2503,0.208717,11_44291900,-5.94252,2.80678e-09,-0.1176654,cg17017404,0.259162923659269,FALSE
11,44296934,.,2503,0.232154,11_44296934,-6.73709,1.61594e-11,-0.1360291,cg00452199,0.336891441012835,FALSE
11,44298622,.,2503,0.275309,11_44298622,8.03281,9.52654e-16,-0.0442842,cg10560393,0.00543480519048826,FALSE
11,44301643,.,2503,0.26975,11_44301643,7.92469,2.28709e-15,-0.2751712,cg14868747,0.67285630591139,TRUE
11,44306877,.,2503,0.203158,11_44306877,-6.45114,1.11009e-10,-0.1888378,cg12899423,0.507215244046852,FALSE
11,44309060,.,2503,0.250124,11_44309060,7.75149,9.08237e-15,-0.2015147,cg02504416,0.53869390163335,FALSE
11,44314348,.,2503,0.217121,11_44314348,-7.21513,5.38815e-13,0.1016541,cg03442378,0.186777800399716,FALSE
11,44321671,.,2503,0.29371,11_44321671,8.60266,7.78898e-18,-0.1470333,cg21755087,0.378234186919072,FALSE
11,45554867,.,2503,0.205967,11_45554867,-5.16659,2.38398e-07,-0.1314081,cg16006220,0.318384849026264,FALSE
11,48063637,.,2503,0.204455,11_48063637,-5.54985,2.85918e-08,-0.2277351,cg26197915,0.594026700350271,FALSE
11,67075879,.,2503,0.260856,11_67075879,-5.24306,1.57931e-07,-0.136175,cg17435929,0.33747314799041,FALSE
11,67094924,.,2503,0.222469,11_67094924,-5.54486,2.94196e-08,-0.1795398,cg23125542,0.481823734475695,FALSE
11,67102529,.,2503,0.2246,11_67102529,-5.56578,2.60985e-08,-0.3542473,cg24022067,0.770288069605395,TRUE
11,67142661,.,2503,0.258918,11_67142661,-5.46953,4.5124e-08,-0.1814266,cg20234060,0.48709649272243,FALSE
11,67143355,.,2503,0.238556,11_67143355,-5.50753,3.63911e-08,-0.0939009,cg04407063,0.15243215842374,FALSE
11,67145937,.,2503,0.222256,11_67145937,-5.53727,3.07218e-08,-0.455911,cg24690094,0.867200452069423,TRUE
11,67170537,.,2503,0.249949,11_67170537,-5.59442,2.21367e-08,0.2119658,cg08531140,0.561787668643085,FALSE
11,67202682,.,2503,0.20958,11_67202682,-6.34798,2.18156e-10,-0.0912504,cg17025232,0.141026546613427,FALSE
11,67311161,.,2503,0.240272,11_67311161,-5.53004,3.20166e-08,0.6771178,cg09190408,0.953455131694305,TRUE
11,67323100,.,2503,0.22395,11_67323100,6.67582,2.45859e-11,-0.2516013,cg23188684,0.636669976856372,FALSE
11,67338441,.,2503,0.250212,11_67338441,-5.5212,3.36689e-08,-0.4273573,cg08355456,0.845548487354106,TRUE
11,67357752,.,2503,0.249997,11_67357752,-5.51755,3.43761e-08,0.409813,cg04434593,0.830299454441956,TRUE
11,67370256,.,2503,0.251934,11_67370256,-5.56195,2.66777e-08,0.2294786,cg08114533,0.597246863976133,FALSE
11,67390918,.,2503,0.22524,11_67390918,-5.54847,2.88183e-08,0.2011885,cg05572179,0.53798754316058,FALSE
11,67402128,.,2503,0.253656,11_67402128,-5.54579,2.92637e-08,-0.1677774,cg05357039,0.447860357084983,FALSE
11,67416021,.,2503,0.247365,11_67416021,-5.6202,1.90734e-08,0.5041718,cg13708910,0.895675008621728,TRUE
11,67418529,.,2503,0.248656,11_67418529,-5.63524,1.74818e-08,-0.258535,cg11791526,0.648187775012361,FALSE
11,67425084,.,2503,0.238952,11_67425084,7.21853,5.25538e-13,-0.2074795,cg04494051,0.552268449460051,FALSE
11,67427122,.,2503,0.253443,11_67427122,7.34018,2.13307e-13,-0.449115,cg04647918,0.862492780600903,TRUE
11,67428766,.,2503,0.251672,11_67428766,7.32315,2.42221e-13,-0.0864794,cg05751148,0.120932725588043,FALSE
11,67434685,.,2503,0.232157,11_67434685,-7.16508,7.77429e-13,0.0973636,cg05353099,0.167955424625318,FALSE
11,67445813,.,2503,0.23194,11_67445813,-7.15397,8.43047e-13,-0.0951054,cg11169848,0.157817103016151,FALSE
11,67448517,.,2503,0.211064,11_67448517,-6.56257,5.28888e-11,0.3346985,cg09038676,0.746039198740189,TRUE
11,67456449,.,2503,0.245147,11_67456449,7.27154,3.55411e-13,-0.1112361,cg06841499,0.230098350029709,FALSE
11,67467880,.,2503,0.248237,11_67467880,7.2998,2.88195e-13,0.0778348,cg08571680,0.0876798617199413,FALSE
11,67471161,.,2503,0.247795,11_67471161,7.28799,3.14623e-13,0.1389803,cg03559915,0.348313673022508,FALSE
11,67481206,.,2503,0.226011,11_67481206,7.08256,1.41515e-12,-0.1437134,cg08925882,0.36584382829672,FALSE
11,67537215,.,2503,0.227294,11_67537215,7.3464,2.03624e-13,-0.3397458,cg19114214,0.752263463400244,TRUE
11,67571605,.,2503,0.201647,11_67571605,7.12076,1.07332e-12,-0.1066999,cg18734472,0.209734450764737,FALSE
11,73249057,.,2503,0.207372,11_73249057,-3.51487,0.000439972,0.202365,cg03302897,0.540663395257426,FALSE
11,73260278,.,2503,0.243944,11_73260278,-3.4873,0.000487921,-0.0838808,cg25137204,0.110478620191049,FALSE
11,112180446,.,2503,0.206229,11_112180446,8.09056,5.939e-16,0.2966274,cg15048902,0.701526149806167,TRUE
11,119107609,.,2503,0.22472,11_119107609,8.43403,3.33968e-17,0.1656015,cg17151150,0.441336928836461,FALSE
12,2750408,.,2503,0.211661,12_2750408,-5.4186,6.00681e-08,0.1719257,cg18816701,0.460159304610859,FALSE
12,54957297,.,2503,0.235287,12_54957297,8.0777,6.6e-16,-0.1588474,cg19470832,0.419585242924989,FALSE
13,20193818,.,2503,0.231821,13_20193818,-6.42302,1.33596e-10,-0.2019668,cg09195389,0.539720198943786,FALSE
14,49510051,.,2503,0.206084,14_49510051,-5.71952,1.06827e-08,0.4245832,cg04989706,0.843229969543485,TRUE
14,99600465,.,2503,0.205927,14_99600465,-5.97372,2.31906e-09,0.1481067,cg02309772,0.38204021257235,FALSE
14,100327789,.,2503,0.218761,14_100327789,-7.02771,2.09944e-12,0.1423159,cg04899753,0.360853613439093,FALSE
14,100380654,.,2503,0.243605,14_100380654,7.37205,1.68026e-13,0.1127973,cg18629527,0.237182710006607,FALSE
15,24972464,.,2503,0.218408,15_24972464,7.2427,4.39839e-13,0.0733976,cg18560144,0.0725388601036269,FALSE
15,24992196,.,2503,0.223572,15_24992196,7.43594,1.03828e-13,0.1545184,cg18488946,0.404722629647943,FALSE
15,25245035,.,2503,0.221485,15_25245035,-3.88774,0.000101181,0.2780406,cg20980039,0.676803603259221,TRUE
15,83055391,.,2503,0.204303,15_83055391,7.72852,1.08805e-14,0.1239409,cg20875807,0.286702593997615,FALSE
15,96370952,.,2503,0.350552,15_96370952,9.31428,1.2278e-20,0.1294315,cg06034527,0.309991648349822,FALSE
16,2030570,.,2503,0.243668,16_2030570,-6.45501,1.08209e-10,0.1545161,cg05745532,0.404706009448583,FALSE
16,2030652,.,2503,0.242804,16_2030652,-6.45431,1.08712e-10,-0.2017104,cg26804891,0.539134336916371,FALSE
16,12260024,.,2503,0.251986,16_12260024,7.89362,2.93537e-15,0.0389014,cg00210127,0.00167033003560878,FALSE
16,12271051,.,2503,0.24791,16_12271051,7.87545,3.3952e-15,0.0608039,cg18676586,0.035529831180325,FALSE
16,22981474,.,2503,0.20634,16_22981474,6.75627,1.41586e-11,0.0833596,cg21510697,0.108363699822579,FALSE
16,24952718,.,2503,0.230783,16_24952718,-4.27329,1.92613e-05,-0.1392034,cg05859441,0.349082357242875,FALSE
16,30452713,.,2503,0.273283,16_30452713,8.81586,1.18766e-18,0.065084,cg25079743,0.0469105126915997,FALSE
16,30505171,.,2503,0.359535,16_30505171,-6.1434,8.07747e-10,0.0724629,cg02466173,0.0695638444183138,FALSE
16,30542838,.,2503,0.376347,16_30542838,10.2804,8.63845e-25,-0.1245628,cg07359991,0.289270414798626,FALSE
16,30548056,.,2503,0.21721,16_30548056,-5.23748,1.62787e-07,-0.1662234,cg04702989,0.443343817909096,FALSE
16,30560589,.,2503,0.428242,16_30560589,10.8191,2.7942e-27,-0.48377,cg00531865,0.884776312891873,TRUE
16,30600130,.,2503,0.222668,16_30600130,7.55911,4.05831e-14,0.076804,cg07013258,0.0841480693560919,FALSE
16,30660211,.,2503,0.310932,16_30660211,9.21061,3.24274e-20,0.1527203,cg09499421,0.398548225585966,FALSE
16,30689537,.,2503,0.268424,16_30689537,8.41684,3.86782e-17,-0.0998154,cg10338112,0.17846354567023,FALSE
16,30714927,.,2503,0.270551,16_30714927,8.46416,2.58007e-17,-0.1345675,cg05624853,0.330970494991087,FALSE
16,30728598,.,2503,0.269369,16_30728598,8.43647,3.27064e-17,-0.2896858,cg04232972,0.692663428497825,TRUE
16,30815615,.,2503,0.286169,16_30815615,8.70571,3.15582e-18,-0.1431411,cg04797061,0.363762148326969,FALSE
16,30829556,.,2503,0.29634,16_30829556,8.72663,2.62367e-18,0.124308,cg01093319,0.288252427587869,FALSE
16,30854119,.,2503,0.374019,16_30854119,9.96795,2.10527e-23,0.144957,cg20010135,0.370597205313478,FALSE
16,30862560,.,2503,0.378872,16_30862560,10.0307,1.11774e-23,-0.0967107,cg10236224,0.165080130136161,FALSE
16,30873838,.,2503,0.385546,16_30873838,10.2361,1.36578e-24,0.0619943,cg08549216,0.0384882266662789,FALSE
16,30884392,.,2503,0.385286,16_30884392,10.2343,1.39178e-24,0.1076125,cg05625471,0.213781469308724,FALSE
16,30887135,.,2503,0.420778,16_30887135,10.6076,2.7469e-26,0.1005588,cg22377963,0.181712794644972,FALSE
16,30890625,.,2503,0.408327,16_30890625,10.5259,6.56224e-26,-0.1582701,cg14301190,0.417715470497069,FALSE
16,30903305,.,2503,0.214299,16_30903305,7.5796,3.46618e-14,-0.3475817,cg03575939,0.761820078031836,TRUE
16,30924760,.,2503,0.290495,16_30924760,9.08612,1.02641e-19,-0.1146977,cg04477789,0.245650701580165,FALSE
16,30994246,.,2503,0.405459,16_30994246,10.0655,7.84699e-24,0.0853483,cg08081390,0.116262449568083,FALSE
16,30995651,.,2503,0.265005,16_30995651,8.35472,6.55863e-17,-0.0653858,cg15337006,0.0477332125598847,FALSE
16,31001492,.,2503,0.344754,16_31001492,9.39153,5.9134e-21,0.1145503,cg06403422,0.245010823904833,FALSE
16,31036009,.,2503,0.210836,16_31036009,7.15274,8.50608e-13,-0.1906705,cg06233904,0.512317645250155,FALSE
16,31038712,.,2503,0.279227,16_31038712,8.38983,4.86839e-17,0.2530048,cg05867134,0.638976029517474,FALSE
16,31041574,.,2503,0.211051,16_31041574,7.15924,8.11237e-13,0.1492502,cg05418781,0.386452875502242,FALSE
16,31043286,.,2503,0.287643,16_31043286,8.55134,1.21667e-17,-0.2961011,cg05787209,0.700803171134038,TRUE
16,31045112,.,2503,0.211051,16_31045112,7.15924,8.11237e-13,-0.1997994,cg03793804,0.534634417939843,FALSE
16,31046479,.,2503,0.211482,16_31046479,7.16221,7.9386e-13,0.3003179,cg07404961,0.705868176888782,TRUE
16,31055059,.,2503,0.276902,16_31055059,8.38906,4.90028e-17,0.0717658,cg09905605,0.0672120862089741,FALSE
16,31057070,.,2503,0.267422,16_31057070,8.22961,1.87821e-16,0.1098315,cg04374711,0.223778519223338,FALSE
16,31057639,.,2503,0.266732,16_31057639,8.21929,2.04712e-16,-0.206414,cg08509907,0.550016412446867,FALSE
16,31091000,.,2503,0.25645,16_31091000,8.07213,6.90826e-16,0.3301458,cg07461837,0.740550377901783,TRUE
16,31102913,.,2503,0.2511,16_31102913,-7.24093,4.45604e-13,-0.1154632,cg01996304,0.249016291950422,FALSE
16,31111250,.,2503,0.286773,16_31111250,8.62944,6.16523e-18,-0.136713,cg00915858,0.339513277461763,FALSE
16,31114455,.,2503,0.242758,16_31114455,-7.07244,1.52231e-12,0.1623208,cg03984055,0.430895288588987,FALSE
16,31152210,.,2503,0.219484,16_31152210,8.29816,1.05734e-16,-0.0595961,cg01321158,0.032646226591488,FALSE
16,31171134,.,2503,0.204325,16_31171134,8.13908,3.98281e-16,0.1406432,cg08178991,0.354654279078078,FALSE
16,31182621,.,2503,0.204579,16_31182621,8.14437,3.81276e-16,-0.179823,cg02900356,0.482559178297344,FALSE
16,31195592,.,2503,0.210521,16_31195592,8.25734,1.48955e-16,-0.158878,cg12100791,0.419689119170984,FALSE
16,31205588,.,2503,0.222096,16_31205588,8.44506,3.03893e-17,-0.0546798,cg06888094,0.0217849263101911,FALSE
16,51152114,.,2503,0.206728,16_51152114,6.87307,6.28348e-12,-0.0837776,cg08332074,0.110079735406426,FALSE
16,51152566,.,2503,0.206728,16_51152566,6.87307,6.28348e-12,-0.1112481,cg05404010,0.230156520727466,FALSE
16,51153129,.,2503,0.207155,16_51153129,6.88054,5.96244e-12,0.2387336,cg00683332,0.614436305163481,FALSE
16,51154082,.,2503,0.207369,16_51154082,6.88223,5.89227e-12,-0.0977704,cg08878368,0.169754561205962,FALSE
16,87251956,.,2503,0.203688,16_87251956,8.24407,1.66452e-16,0.0929937,cg00612905,0.148389294929593,FALSE
16,87299724,.,2503,0.222278,16_87299724,-6.11939,9.39339e-10,0.104895,cg02820413,0.201370335437174,FALSE
16,87353148,.,2503,0.212341,16_87353148,-5.76829,8.00777e-09,0.1274536,cg04892447,0.301540276975622,FALSE
16,87354706,.,2503,0.204747,16_87354706,-5.73787,9.58748e-09,-0.1215063,cg23636419,0.276173697703504,FALSE
16,87355350,.,2503,0.226374,16_87355350,-5.85863,4.66692e-09,0.0627132,cg00346392,0.0404452551408354,FALSE
16,87364910,.,2503,0.20169,16_87364910,-5.67483,1.38826e-08,0.0995369,cg02932689,0.177333372113799,FALSE
16,87370482,.,2503,0.281269,16_87370482,-6.25668,3.93251e-10,0.0933056,cg27161340,0.149818632074492,FALSE
16,87370544,.,2503,0.222838,16_87370544,-5.92544,3.11454e-09,0.1310102,cg03020503,0.31684748058553,FALSE
16,87375439,.,2503,0.285739,16_87375439,8.33747,7.58984e-17,-0.0936629,cg05188837,0.151372620714585,FALSE
16,87377201,.,2503,0.224972,16_87377201,-5.8935,3.781e-09,0.3127786,cg09981464,0.720365145779924,TRUE
16,87381644,.,2503,0.240428,16_87381644,-5.99017,2.09622e-09,0.1290901,cg00899855,0.308495830407486,FALSE
16,87384015,.,2503,0.280415,16_87384015,8.12506,4.47154e-16,-0.2486644,cg24848535,0.631962305387853,FALSE
16,87391029,.,2503,0.20526,16_87391029,-5.76774,8.03404e-09,0.0761987,cg00284420,0.081987443439384,FALSE
16,87443767,.,2503,0.214369,16_87443767,-5.84327,5.11868e-09,0.0566417,cg07178066,0.0258153246548192,FALSE
17,3692978,.,2503,0.202997,17_3692978,8.56622,1.06937e-17,0.4863262,cg13375828,0.886180719737733,TRUE
17,14546838,.,2503,0.239993,17_14546838,-6.70699,1.98686e-11,-0.0662586,cg12146763,0.0502636379123368,FALSE
17,17746517,.,2503,0.282513,17_17746517,10.6521,1.70485e-26,0.2472444,cg17373751,0.62968533807563,FALSE
17,18028694,.,2503,0.265614,17_18028694,10.4648,1.25381e-25,0.1615326,cg12563847,0.428310847588617,FALSE
17,18056697,.,2503,0.265003,17_18056697,10.4523,1.42942e-25,-0.0914344,cg21187669,0.141828471232512,FALSE
17,31008404,.,2503,0.20397,17_31008404,-3.92785,8.57074e-05,-0.1962188,cg09683562,0.526473900054431,FALSE
17,39225598,.,2503,0.214058,17_39225598,-3.29122,0.000997528,0.4025743,cg00129232,0.823127838418422,TRUE
17,39239948,.,2503,0.203195,17_39239948,-5.96797,2.40225e-09,-0.4983151,cg03013999,0.892629357089138,TRUE
17,39242817,.,2503,0.204245,17_39242817,-5.97436,2.30997e-09,-0.2258638,cg00112517,0.590345326192188,FALSE
17,39249404,.,2503,0.202566,17_39249404,-5.96668,2.42134e-09,0.2079451,cg11164145,0.553340452318726,FALSE
17,39261322,.,2503,0.204035,17_39261322,-5.9655,2.43887e-09,0.2167625,cg19586165,0.572287479588318,FALSE
17,39321809,.,2503,0.203825,17_39321809,-5.96506,2.44549e-09,0.2487998,cg19468946,0.632207453328403,FALSE
17,39324537,.,2503,0.208243,17_39324537,-6.02056,1.73819e-09,-0.1594315,cg03386751,0.421471635552268,FALSE
17,39515069,.,2503,0.205927,17_39515069,-5.99049,2.09205e-09,0.1125315,ch.17.1009718F,0.235961125353699,FALSE
17,44098453,.,2503,0.229511,17_44098453,-5.63778,1.72258e-08,-0.1058407,cg15909132,0.20567081202139,FALSE
17,60335984,.,2503,0.212755,17_60335984,-4.97185,6.63165e-07,0.2177299,cg01362358,0.574327609059671,FALSE
17,60554341,.,2503,0.224442,17_60554341,-3.90046,9.60091e-05,0.1728121,cg15723222,0.462810226408666,FALSE
17,60767670,.,2503,0.268156,17_60767670,,,0.4549423,cg15723222,0.866477473397293,TRUE
17,60800032,.,2503,0.241571,17_60800032,-4.24297,2.20583e-05,0.3589414,cg02372144,0.775930627287874,TRUE
17,64741484,.,2503,0.235405,17_64741484,-5.78154,7.40203e-09,0.1221731,cg24361586,0.279219349236094,FALSE
17,76040831,.,2503,0.204291,17_76040831,7.04405,1.86733e-12,-0.1387945,cg04568564,0.347636399898617,FALSE
17,76079151,.,2503,0.205153,17_76079151,7.05629,1.71002e-12,-0.1202079,cg26545162,0.27016134058528,FALSE
17,76080561,.,2503,0.212087,17_76080561,7.18663,6.64079e-13,-0.1915106,cg14651919,0.514640318110616,FALSE
18,12748735,.,2503,0.24579,18_12748735,9.13548,6.51176e-20,-0.4086479,cg20581490,0.829140195536646,TRUE
19,2054713,.,2503,0.537138,19_2054713,12.6187,1.66606e-36,0.1347406,cg11891591,0.331722559012095,FALSE
19,4074450,.,2503,0.218272,19_4074450,-5.12853,2.92018e-07,-0.35752,cg14245421,0.774189661404989,TRUE
19,48611126,.,2503,0.230506,19_48611126,-6.7752,1.24234e-11,0.0823334,cg14328676,0.104300061079233,FALSE
2,8677673,.,2503,0.205024,2_8677673,-3.99579,6.44797e-05,0.1645015,cg21946006,0.437909012718608,FALSE
2,61081830,.,2503,0.233719,2_61081830,8.09324,5.80994e-16,-0.0974062,cg19770944,0.16814240186811,FALSE
2,72162205,.,2503,0.236549,2_72162205,-5.92634,3.09752e-09,0.0627251,cg04807855,0.040478495539554,FALSE
2,72283256,.,2503,0.21331,2_72283256,-5.38668,7.17729e-08,0.1310087,cg06108254,0.31683086038617,FALSE
2,72446319,.,2503,0.211449,2_72446319,-5.13385,2.83877e-07,0.1166692,cg16417606,0.254376306243793,FALSE
2,72525810,.,2503,0.228677,2_72525810,-5.17623,2.26416e-07,-0.127842,cg22856324,0.303206451961391,FALSE
2,72667952,.,2503,0.218002,2_72667952,-5.14404,2.68896e-07,-0.1218926,cg22979783,0.27790219843687,FALSE
2,72825222,.,2503,0.237626,2_72825222,-5.89215,3.81192e-09,0.154659,cg12436443,0.40525447602744,FALSE
2,72851544,.,2503,0.238703,2_72851544,-5.87246,4.29388e-09,0.1514779,cg05964953,0.394305919699507,FALSE
2,96170774,.,2503,0.210521,2_96170774,9.40349,5.27818e-21,0.177654,cg06277347,0.476638232275596,FALSE
2,96276082,.,2503,0.206618,2_96276082,9.229,2.73176e-20,-0.4136398,cg18419276,0.833864487204524,TRUE
2,96287095,.,2503,0.272073,2_96287095,8.98005,2.70649e-19,0.2691584,cg18369288,0.664064220450324,TRUE
2,96317374,.,2503,0.267692,2_96317374,8.99834,2.29153e-19,-0.3886953,cg14950039,0.80932476285053,TRUE
2,100318867,.,2503,0.225284,2_100318867,7.91148,2.54355e-15,-0.0712955,cg18845236,0.0655999268711228,FALSE
2,108954706,.,2503,0.253009,2_108954706,7.38737,1.4976e-13,0.1607256,cg22412063,0.425643305591451,FALSE
2,120689729,.,2503,0.251934,2_120689729,-6.209,5.33237e-10,-0.0887665,cg17186103,0.130364688724441,FALSE
2,157247694,.,2503,0.205774,2_157247694,-5.09431,3.50013e-07,0.5141896,cg24576425,0.90079818507423,TRUE
2,231333615,.,2503,0.204865,2_231333615,-3.06403,0.00218377,-1.1965948,cg18146074,0.994091519127772,TRUE
2,239222176,.,2503,0.226371,2_239222176,-7.16064,8.03035e-13,0.130693,cg17356718,0.315559415135185,FALSE
2,239222726,.,2503,0.225939,2_239222726,-7.16405,7.83263e-13,0.0622995,cg27583104,0.0393275467339231,FALSE
2,239226151,.,2503,0.225225,2_239226151,-7.15908,8.12218e-13,0.1544689,cg04216051,0.404577202903549,FALSE
2,239227891,.,2503,0.225225,2_239227891,-7.15396,8.43094e-13,0.047622,cg20854286,0.00963556057854914,FALSE
20,17193996,.,2503,0.208807,20_17193996,9.35392,8.44603e-21,-0.1818393,cg00621913,0.488172650630944,FALSE
20,17220385,.,2503,0.203155,20_17220385,9.21095,3.2325e-20,-0.1846513,cg22504204,0.495938438781573,FALSE
20,31501111,.,2503,0.203435,20_31501111,-4.64308,3.43259e-06,-0.2607133,cg04306926,0.651532590133419,TRUE
20,31562274,.,2503,0.202801,20_31562274,-4.64285,3.43641e-06,0.2172081,cg00300298,0.573293001649555,FALSE
20,31634336,.,2503,0.229332,20_31634336,-5.11048,3.21341e-07,-0.0487207,cg12363375,0.0113474411125561,FALSE
20,45815127,.,2503,0.306419,20_45815127,10.1945,2.0978e-24,-0.1682087,cg03440066,0.44911102708677,FALSE
21,44933210,.,2503,0.208834,21_44933210,-6.58527,4.54063e-11,-0.1194754,cg17648210,0.266907936560699,FALSE
22,27156602,.,2503,0.217205,22_27156602,-4.9536,7.28539e-07,0.1319551,cg01510218,0.320491459295054,FALSE
3,45805277,.,2503,0.220042,3_45805277,10.5338,6.03361e-26,0.2138963,cg10499974,0.56590947808419,FALSE
3,45818159,.,2503,0.234875,3_45818159,10.9358,7.77001e-28,-0.4547637,cg12691230,0.86631958150338,TRUE
3,45848429,.,2503,0.240578,3_45848429,11.0518,2.14856e-28,-0.2548648,cg10360403,0.642192038093497,FALSE
3,45960228,.,2503,0.204386,3_45960228,9.52606,1.63364e-21,-0.2596667,cg07225641,0.649937050994927,FALSE
3,184390899,.,2503,0.563268,3_184390899,9.43564,3.8863e-21,0.1496947,cg10585661,0.387927918195379,FALSE
4,7642975,.,2503,0.215939,4_7642975,-3.1849,0.00144806,0.3778567,cg05573434,0.797320823863282,TRUE
4,9522093,.,2503,0.366466,4_9522093,12.0111,3.10606e-33,-0.0927534,cg26296488,0.147396238017875,FALSE
4,164901917,.,2503,0.217613,4_164901917,-6.28924,3.1902e-10,0.1430483,cg11512289,0.363450519588982,FALSE
5,1652568,.,2503,0.255949,5_1652568,,,-0.2617099,cg11628972,0.653015942926236,TRUE
5,36242252,.,2503,0.202512,5_36242252,7.48678,7.05865e-14,0.1753247,cg14725858,0.470118959076914,FALSE
5,132103934,.,2503,0.229485,5_132103934,7.54799,4.42017e-14,-0.0621695,cg02033258,0.0389411270988196,FALSE
6,534527,.,2503,0.231451,6_534527,7.42371,1.13883e-13,-0.1370361,cg12278738,0.340817963111468,FALSE
6,535839,.,2503,0.254667,6_535839,7.46415,8.38411e-14,-0.1136205,cg14101659,0.240913944762767,FALSE
6,10402950,.,2503,0.2087,6_10402950,-5.57659,2.45286e-08,-0.1364549,cg08178786,0.338486980151327,FALSE
6,10403963,.,2503,0.217387,6_10403963,-5.6786,1.35799e-08,-0.1935294,cg22315453,0.520091743500463,FALSE
6,29608813,.,2503,0.211646,6_29608813,11.1527,6.94593e-29,0.403264,cg02012483,0.823771871143594,TRUE
6,30800571,.,2503,0.241904,6_30800571,7.74007,9.93607e-15,0.0651026,cg02145102,0.046952063189998,FALSE
6,30801361,.,2503,0.20642,6_30801361,7.2625,3.79988e-13,-0.1870055,cg19593741,0.502366300883779,FALSE
6,31121854,.,2503,0.203815,6_31121854,8.31938,8.84246e-17,0.1765088,cg00004562,0.473368208051656,FALSE
6,33502742,.,2503,0.222824,6_33502742,-5.84158,5.17076e-09,-0.2941884,cg11796996,0.698655010366849,TRUE
6,33693002,.,2503,0.242206,6_33693002,-6.47296,9.6104e-11,0.2939855,cg16066008,0.698318451329824,TRUE
6,42187266,.,2503,0.218478,6_42187266,-5.2422,1.5867e-07,-0.0922074,cg16793730,0.145231457051327,FALSE
6,42219109,.,2503,0.217416,6_42219109,-5.28912,1.22904e-07,-0.0843513,cg13713450,0.112232051223454,FALSE
6,42219624,.,2503,0.217416,6_42219624,-5.28912,1.22904e-07,0.1059257,cg19221370,0.206061386706334,FALSE
6,44620872,.,2503,0.223195,6_44620872,8.49113,2.04643e-17,-0.0616215,cg18848301,0.0374619293558426,FALSE
6,88582072,.,2503,0.218106,6_88582072,-4.17199,3.01953e-05,0.2674523,cg25278663,0.661479779449955,TRUE
6,117856470,.,2503,0.212598,6_117856470,7.74645,9.44959e-15,-0.2762735,cg15244223,0.674323038504847,TRUE
7,15699419,.,2503,0.201648,7_15699419,7.95908,1.73318e-15,-0.06811,cg07395354,0.0556028769565091,FALSE
7,142932278,.,2503,0.225947,7_142932278,,,0.4161348,cg10896774,0.836174694915466,TRUE
7,142932557,.,2503,0.207118,7_142932557,,,0.3174161,cg06951326,0.725658679275858,TRUE
7,149878336,.,2503,0.21065,7_149878336,-6.12477,9.0816e-10,-0.1040351,cg12762733,0.197647410780692,FALSE
8,1841268,.,2503,0.412994,8_1841268,,,-0.148971,cg00691598,0.385426578191805,FALSE
8,19274936,.,2503,0.335336,8_19274936,-6.6442,3.04871e-11,0.0575728,cg12059540,0.0279011596744103,FALSE
8,22224195,.,2503,0.208258,8_22224195,-5.49984,3.80139e-08,0.1801561,cg16148593,0.483535615009702,FALSE
8,30456133,.,2503,0.207377,8_30456133,9.0569,1.34213e-19,0.1660732,cg07561338,0.442820281629278,FALSE
8,65551243,.,2503,0.202119,8_65551243,6.53205,6.48746e-11,-0.0576114,cg08291886,0.028000880870566,FALSE
8,65895118,.,2503,0.201668,8_65895118,-5.66109,1.50416e-08,-0.0925888,cg13375690,0.146714809844144,FALSE
9,120841191,.,2503,0.211912,9_120841191,7.0586,1.68189e-12,0.177714,cg01807026,0.47679196911967,FALSE
